{
  "id": 2,
  "type": "state",
  "content": {
    "animation": {
      "face": "neutral",
      "body": "default",
      "logo": "mask",
      "demon": "appear",
      "hand": "",
      "mask": ""
    },
    "description": {
      "tooltip": "",
      "desc_shop": "Well..OK. Did you find what you're looking for?",
      "desc_demonic": "Heh..Greetings. Did you find what you're looking for?"
    },
    "option": [
      {
        "id": 1,
        "tooltip": "",
        "desc": "\"Yes\"",
        "next": 3
      },
      {
        "id": 2,
        "tooltip": "",
        "desc": "\"No\"",
        "next": 4
      }
    ]
  }
}
