{
  "id": 4,
  "type": "state",
  "content": {
    "animation": {
      "face": "neutral",
      "body": "default",
      "logo": "mask",
      "demon": "default",
      "hand": "default",
      "mask": "default"
    },
    "description": {
      "tooltip": "I am sorry to hear that. How can I help you?",
      "desc_shop": "I am sorry to hear that. How can I help you?",
      "desc_demonic": ""
    },
    "option": [
      {
        "id": 1,
        "tooltip": "\"Nevermind\"",
        "desc": "\"Nevermind\"",
        "next": 3
      },
      {
        "id": 2,
        "tooltip": "",
        "desc": "\"I'd like to sacrifice my soul to [ThE oLd GoD].\"",
        "next": 99
      }
    ]
  }
}
