{
  "id": 6,
  "type": "state",
  "content": {
    "animation": {
      "face": "smile",
      "body": "donation",
      "logo": "mask",
      "demon": "default",
      "hand": "blood",
      "mask": "default"
    },
    "description": {
      "tooltip": "Would you like to [make a donation] along with your [purchase] today? That'd make you eligible for [the promotion we are running now]!",
      "desc_shop": "Would you like to [make a donation] along with your [purchase] today? That'd make you eligible for [the promotion we are running now]!",
      "desc_demonic": "Would you like to [add some of your own blood] along with your [deal] today? That'd make you eligible for [a stronger bond with the demon]!"
    },
    "option": [
      {
        "id": 1,
        "tooltip": "add money",
        "money": 1.03,
        "desc": "\"Yes. I'll make a $1.03 donation.\"",
        "next": 7
      },
      {
        "id": 2,
        "tooltip": "add money",
        "money": 3.43,
        "desc": "\"Yes. I'll make a $3.43 donation.\"",
        "next": 70
      },
      {
        "id": 3,
        "tooltip": "add money",
        "money": 66.6,
        "desc": "\"Yes. I'll make a $66.6 donation.\"",
        "next": 106
      },
      {
        "id": 4,
        "tooltip": "",
        "desc": "\"No, screw that.\"",
        "next": 7
      }
    ]
  }
}
