{
  "id": 7,
  "type": "state",
  "content": {
    "animation": {
      "face": "smile",
      "body": "register",
      "logo": "mask",
      "demon": "default",
      "hand": "default",
      "mask": "default"
    },
    "description": {
      "tooltip": "Got it. Your [here is your add  total]. ",
      "desc_shop": "Got it. Your [here is your current total]. ",
      "desc_demonic": "Got it. Your [contract is almost ready]."
    },
    "option": [
      {
        "id": 1,
        "tooltip": "",
        "desc": "",
        "next": 8
      }
    ]
  }
}
