{
    "id": 8,
    "type": "state",
    "content": {
      "animation": {
        "face": "neutral",
        "body": "register",
        "logo": "mask",
        "demon": "default",
        "hand": "default",
        "mask": "default"
      },
      "description": {
        "tooltip": "Are you [a member] of [our store]?",
        "desc_shop": "Are you [a member] of [our store]?",
        "desc_demonic": "Are you [the owner] of [another human]?"
      },
      "option": [
        {
          "id": 1,
          "tooltip": "yes",
          "desc": "\"Yes\"",
          "next": 9
        },
        {
          "id": 2,
          "tooltip": "no",
          "desc": "\"No\"",
          "next": 10
        }
      ]
    }
  }
