{
  "id": 0,
  "type": "state",
  "content": {
    "animation": {
      "face": "smile",
      "body": "handling",
      "logo": "mask",
      "demon": "default",
      "hand": "default",
      "mask": "default"
    },
    "description": {
      "tooltip": "Good. Let's see... [you have bought] one pound of [pork] kidney, half a pound of [chicken] hearts and two pounds of [beef] liver.",
      "desc_shop": "Good. Let's see... [you have bought] one pound of [pork] kidney, half a pound of [chicken] hearts and two pounds of [beef] liver.",
      "desc_demonic": "Good. Let's see... [your selection requires] one pound of [human] kidney, half a pound of [human] hearts and two pounds of [human] liver."
    },
    "option": [
      {
        "id": 1,
        "tooltip": "add money",
        "money": 30.57,
        "desc": "",
        "next": 5
      }
    ]
  }
}
