{
  "id": 1,
  "type": "state",
  "content": {
    "animation": {
      "face": "smile",
      "body": "default",
      "logo": "default",
      "demon": "",
      "hand": "",
      "mask": ""
    },
    "description": {
      "tooltip": "How may I serve you today?",
      "desc_shop": "How may I serve you today?",
      "desc_demonic": ""
    },
    "option": [
      {
        "id": 1,
        "tooltip": "anything normal",
        "desc": "\"Checking out.\"",
        "next": 95
      },
      {
        "id": 2,
        "tooltip": "[mosaic sorcery]",
        "desc": "[Calculator]!",
        "next": 97
      },
      {
        "id": 1,
        "tooltip": "anything normal",
        "desc": "\"Just making these purchases.\"",
        "next": 95
      },
    ]
  }
}
