{
    "id": 0,
    "type": "state",
    "content": {
      "animation": {
        "face": "smile",
        "body": "default",
        "logo": "default",
        "demon": "",
        "hand": "",
        "mask": ""
      },
      "description": {
        "tooltip": "Hi! Welcome to JoyMart!",
        "desc_shop": "Hi! Welcome to JoyMart!",
        "desc_demonic": ""
      },
      "option": [
        {
          "id": 1,
          "tooltip": "",
          "desc": "*Say nothing*",
          "next": 1
        },
        {
          "id": 2,
          "tooltip": "",
          "desc": "\"Hello!\"",
          "next": 1
        },
        {
          "id": 3,
          "tooltip": "",
          "desc": "*smile*",
          "next": 1
        },
      ]
    }
  }
