{
  "id": 12,
  "type": "state",
  "content": {
    "animation": {
      "face": "neutral",
      "body": "default",
      "logo": "mask",
      "demon": "default",
      "hand": "default",
      "mask": "default"
    },
    "description": {
      "tooltip": "Sorry, seems like that name isn't in our system.",
      "desc_shop": "Sorry, seems like that name isn't in our system.",
      "desc_demonic": "Sorry, seems like that name isn't in our system."
    },
    "option": [
      {
        "id": 1,
        "tooltip": "Say nothing",
        "desc": "*Say nothing*",
        "next": 10
      }
    ]
  }
}
