{
  "id": 11,
  "type": "state",
  "content": {
    "animation": {
      "face": "smile",
      "body": "default",
      "logo": "mask",
      "demon": "default",
      "hand": "open",
      "mask": "default"
    },
    "description": {
      "tooltip": "Ah, [there you are]. You're now given [a ten percent discount for today]'s [purchase]!",
      "desc_shop": "Ah, [there you are]. You're now given [a ten percent discount for today]'s [purchase]!",
      "desc_demonic": "Ah, [there it is]. You're now given [the full permission to use Blake]'s [flesh]!"
    },
    "option": [
      {
        "id": 1,
        "tooltip": "mul money",
        "desc": "*Say nothing*",
        "money": 0.9,
        "next": 14
      }
    ]
  }
}
