{
  "id": 17,
  "type": "state",
  "content": {
    "animation": {
      "face": "smile",
      "body": "default",
      "logo": "mask",
      "demon": "default",
      "hand": "open",
      "mask": "laugh"
    },
    "description": {
      "tooltip": "Great! Thank you for [shopping at JoyMart]. Have a terrific day!",
      "desc_shop": "Great! Thank you for [shopping at JoyMart]. Have a [terrific] day!",
      "desc_demonic": "Great! Thank you for [signing at HappyMurder]. Have a [murderous] day!"
    },
    "option": [
      {
        "id": 1,
        "tooltip": "alt_ending",
        "alt_ending": 103,
        "desc": "",
        "next": 105
      }
    ]
  }
}
