{
  "id": 14,
  "type": "state",
  "content": {
    "animation": {
      "face": "smile",
      "body": "register",
      "logo": "mask",
      "demon": "open",
      "hand": "heartandsoul",
      "mask": "default"
    },
    "description": {
      "tooltip": "How would you like to pay today?",
      "desc_shop": "How would you like to pay today?",
      "desc_demonic": "How would you like to pay today?"
    },
    "option": [
      {
        "id": 1,
        "tooltip": "",
        "desc": "[CASH AND FLESH]",
        "next": 15
      },
      {
        "id": 2,
        "tooltip": "",
        "desc": "[CARD AND SOUL]",
        "next": 16
      }
    ]
  }
}
