{
  "id": 13,
  "type": "state",
  "content": {
    "animation": {
      "face": "smile",
      "body": "default",
      "logo": "mask",
      "demon": "default",
      "hand": "big_contract",
      "mask": "laugh"
    },
    "description": {
      "tooltip": "[Awesome]. Can you please fill your name in the blank then sign here?",
      "desc_shop": "[Awesome]. Can you please fill your name in the blank then sign here?",
      "desc_demonic": "[Awesome]. Can you please fill your name in the blank then sign here?"
    },
    "option": [
      {
        "id": 1,
        "tooltip": "Yes",
        "desc": "Yes",
        "next": 102
      },
      {
        "id": 2,
        "tooltip": "Nevermind",
        "desc": "\"Nevermind\"",
        "next": 14
      }
    ]
  }
}
