{
  "id": 16,
  "type": "state",
  "content": {
    "animation": {
      "face": "neutral",
      "body": "register",
      "logo": "mask",
      "demon": "default",
      "hand": "open",
      "mask": "laugh"
    },
    "description": {
      "tooltip": "[OK]. [Swipe your credit card] when ready. ",
      "desc_shop": "[OK]. [Swipe your credit card] when ready. ",
      "desc_demonic": "[OK]. [Give me your hand] when ready. "
    },
    "option": [
      {
        "id": 1,
        "tooltip": "swipe card",
        "desc": "*swipe card*",
        "next": 18
      }
    ]
  }
}
