{
  "id": 10,
  "type": "state",
  "content": {
    "animation": {
      "face": "smile",
      "body": "default",
      "logo": "mask",
      "demon": "default",
      "hand": "contract",
      "mask": "laugh"
    },
    "description": {
      "tooltip": "Would you like to become one? It's [free]! Just [provide] your [number] to us and you're done.",
      "desc_shop": "Would you like to become one? It's [free]! Just [provide] your [number] to us and you're done.",
      "desc_demonic": "Would you like to become one? It's [easy]! Just [sign] your [name] to us and you're done."
    },
    "option": [
      {
        "id": 1,
        "tooltip": "yes",
        "desc": "\"Yes please!\"",
        "next": 13
      },
      {
        "id": 2,
        "tooltip": "no",
        "desc": "\"No, thanks.\"",
        "next": 14
      }
    ]
  }
}
