{
  "id": 15,
  "type": "state",
  "content": {
    "animation": {
      "face": "neutral",
      "body": "default",
      "logo": "mask",
      "demon": "default",
      "hand": "blood",
      "mask": "laugh"
    },
    "description": {
      "tooltip": "So that's [your payment]... ",
      "desc_shop": "So that's [your payment]... ",
      "desc_demonic": "So that's [the flesh]... "
    },
    "option": [
      {
        "id": 1,
        "tooltip": "alternative",
        "desc": "",
        "alternative": 71,
        "next": 17
      }
    ]
  }
}
