{
  "id": 98,
  "type": "state",
  "content": {
    "animation": {
      "face": "shock",
      "body": "default",
      "logo": "default",
      "demon": "",
      "hand": "",
      "mask": ""
    },
    "description": {
      "tooltip": "",
      "desc_shop": "Sir, I don't understand.",
      "desc_demonic": ""
    },
    "option": [
      {
        "id": 1,
        "tooltip": "",
        "desc": "*Say nothing*",
        "next": 2
      },
      {
        "id": 2,
        "tooltip": "",
        "desc": "*Laughs*",
        "next": 99
      },
    ]
  }
}
