{
  "id": 99,
  "type": "state",
  "content": {
    "animation": {
      "face": "anger",
      "body": "default",
      "logo": "default",
      "demon": "",
      "hand": "",
      "mask": ""
    },
    "description": {
      "tooltip": "",
      "desc_shop": "Sir, I am afraid that I'll need to ask you to leave.",
      "desc_demonic": ""
    },
    "option": [
      {
        "id": 1,
        "tooltip": "",
        "desc": "*Laughs*",
        "next": 101
      },
      {
        "id": 2,
        "tooltip": "",
        "desc": "*Laughs harder*",
        "next": 101
      },
    ]
  }
}
