{
  "id": 97,
  "type": "state",
  "content": {
    "animation": {
      "face": "confused",
      "body": "default",
      "logo": "default",
      "demon": "",
      "hand": "",
      "mask": ""
    },
    "description": {
      "tooltip": "",
      "desc_shop": "Excuse me?",
      "desc_demonic": ""
    },
    "option": [
      {
        "id": 1,
        "tooltip": "",
        "desc": "*Say nothing*",
        "next": 2
      },
      {
        "id": 2,
        "tooltip": "",
        "desc": "\"You heard what I said.\"",
        "next": 98
      },
    ]
  }
}
